vid,title_ja,title_zh,c_votecount,c_rating,cnt,char_names
3113,炎の孕ませおっぱい身体測定～幼なじみ女子校生身体測定で全員中出しパラダイス！～,,130,7.28,13,成咲紅葉;慶光院雪姫;リーゼロッタ・フォン・キルシュバウム;国武月衛;真下麗;桃枝絵留々;雛瀬ひかり;橘奈緒;萌木野花梨;和歌月あやめ;樫葉莉子;芹宮ののみ;瑞本まりな
31442,あんさんぶるガールズ！,,1,,13,三波なつみ;円城寺れいか;丸子みさき;鶯木こはる;夢路まりあ;梅園かな;桐島かいり;四方みつる;御影かすみ;八壁ひかる;久坂あやめ;天宮るり;神無月ほとり
8439,ずっとつくしてあげるの！,,40,6.8,7,羽深璃子;有留真央;向坂乙姫;八木原七海;尾张澪;南和奏;春日井桜
21122,みなとカーニバルＦＤ,,80,7.45,6,辻堂愛;片瀬恋奈;腰越マキ;武孝田よい子;朱足由比;ローリ・ネーデンショルト
6714,恋愛0キロメートル,恋爱0公里,266,7.06,6,木ノ本マヨ;木ノ本咲耶;木ノ本実咲;木ノ本乃来亜;木ノ本華;矢崎夕空
7659,黄昏の先にのぼる明日 -あっぷりけFanDisc-,,50,6.68,6,神凪莉都;夕月小夜璃;皆神さくや;春日いろは;稲垣美里;羽二生真央
3243,ド田舎ちゃんねる5～こちら鈴音学園放送部～,,10,6.23,5,神山美鈴;大和田幸;水鏡蓮;エレナ＝ハドソン;笹野希美子
13074,恋剣乙女～再燃～,,170,7.38,5,安国茜;神代透子;染谷柚;イヴ・エレイン・オースティン;湊志保
31125,思い出抱えてアイにコイ!!,怀揣思念同我再会!!,181,7.74,5,栗山兎鞠;州郷千聖;所沢郁;春ノ原優菜;西渓静流
9637,桜ノーリプライ,,44,6.99,5,風間眠兎;月森千代子;朝比奈苺;冴島もも;葉月美栗
7636,‘＆’ - 空の向こうで咲きますように -,‘＆’-愿绽放在天空彼岸-,166,7.48,5,春木麗;楠井梨子;連城八重;真堀束沙;穂之上摩樹
19817,ロスト・エコーズ,,41,6.9,5,立花結佳;神代琥珀;立花誾千代;神代千羽耶;筑紫加弥
16516,夢と色でできている,由梦想与色彩编织而成,150,7.56,5,飛鳥井姫色;黒羽かもめ;乙原恋;刻乃雲;七夕紫織
18005,つよきすFESTIVAL,,97,7.98,5,対馬心秤;刃牙音子;鉄乙女;近衛素奈緒;蟹沢きぬ
17997,わんにゃん☆アラモード！ ～どっちにするの？わんにゃんHなカフェ事情！～,,229,6.52,5,猫花鈴音;猫泊真琴;犬多華;猫条ひなな;犬山道代
4065,初恋タイムカプセル ～幼馴染とキャッキャうふふ～,,17,6.05,5,赤澤優菜;黄檗美桜;黒葛原舞花;緑野杏愛;白姫和葉
28,SHUFFLE!,,3946,6.74,5,リシアンサス;ネリネ;芙蓉楓;麻弓＝タイム;八重桜
33996,ゆまほろめ ~時を停めた館で明日を探す迷子たち~,真愿朦幻馆〜在时间暂停的洋馆里追寻明天的羔羊们〜,66,7.11,5,ミーナ;川崎純麗;岩沼鈴;柴田奏子;亘理深衣奈
276,D.C.P.K.～ダ・カーポーカー～,,36,6.44,4,白河ことり;天枷美春;月島小恋;白河ななか
10680,月に寄りそう乙女の作法,近月少女的礼仪,917,7.94,4,桜小路ルナ;柳ヶ瀬湊;ユルシュール＝フルール＝ジャンメール;花之宮瑞穂
10239,×××な彼女が田舎生活を満喫するヒミツの方法,,26,6.61,4,有栖川莉子;高梨舞;琥坂響希;山野辺ほたる
15282,パサージュ！～passage of life～,,66,6.89,4,北園奈菜;塚原梨沙;千代田未央;月見彩子
15368,Bunny Paradise ばにぱら ～恋人全員バニー化計画～,,62,7.06,4,一千花凜;宇佐見魅美;真鍋歌符香;蝶乃春
12283,辻堂さんのバージンロード,,337,7.85,4,辻堂愛;片瀬恋奈;腰越マキ;武孝田よい子
12525,シャッフル！エッセンス・プラス 特典ディスク,,45,7.17,4,リシアンサス;ネリネ;芙蓉楓;八重桜
10231,コープスパーティー -THE ANTHOLOGY- サチコの恋愛遊戯♥Hysteric Birthday 2U,,269,6.66,4,大上さやか;高井梓紗;古林蘭;水原さつき
10608,恋剣乙女,,1724,6.69,4,安国茜;神代透子;染谷柚;イヴ・エレイン・オースティン
16201,あま恋シロップス ～恥じらう恋心でシたくなる甘神様の恋祭り～,甘神大人的糖浆恋祭,85,7.18,4,綿貫つゆり;アナステシア・ローズ;花鳥鈴;日下穂積
3860,Angel Ring,,87,6.84,4,ミカアルステッドハイネ;藤井澄佳;遠海佐奈;ルキア・ルミナス・スイレン
27772,白詰指輪 ～四つ娘の花嫁 俺、全員選びました～,,128,7.25,4,花ノ宮芽一;花ノ宮二葉;花ノ宮美三実;花ノ宮四花
979,春恋＊乙女～乙女の園でごきげんよう。～,,689,6.58,4,早坂羽未;不動如耶;芹沢結衣佳;楠原彩夏
792,かみぱに！,,56,7.44,4,片瀬恵;霧島乃々香;香原瑞希;九条天音
933,ゴア・スクリーミング・ショウ,,1317,7.31,4,一柳あかね;双木葵;さいたま闇子;ユカ
547,あかね色に染まる坂,,262,7.38,4,長瀬湊;片桐優姫;橘ミコト;霧生つかさ
5000,ルートダブル -Before Crime * After Days-,Root Double,2135,7.84,4,琴乃悠里;橘風見;鳥羽ましろ;守部洵
2955,夏に奏でる僕らの詩,,15,7.08,4,大空真夏;姫宮ほのか;葉山歌音;御崎果歩
13325,Clover Day's,幸运草的约定,1127,7.63,4,加賀美ヘキル;加賀美ヒカル;結橋泉;竜胆つばめ
5562,恋色空模様 After Happiness and Extra Hearts,,108,7.44,4,服部彩;内海静奈;伊東美琴;毛内清美
2344,勝　あしたの雪之丞２,,35,7.36,4,久保晶子;水島あきら;桜瀬由美子;三枝マキ
6471,ユユカナ -under the Starlight-,,46,7.03,4,高咲ほのか;姫園理沙;遊々月あこ;楠久々寝
6245,真剣で私に恋しなさい！S,,4799,8.2,4,川神百代;川神一子;椎名京;榊原小雪
12668,夏の幼馴染と、冬のカノジョ,,40,6.99,4,花園かりん;厳正院玩鼓;叶野夢;寄忍由良利
18458,リプキス,,98,7.06,4,五ヶ谷奏撫;五ヶ谷羽耶音;双葉唯梨;立石まゆり
21295,トリノライン：ジェネシス,Trinoline: Genesis,153,6.91,4,姫野永遠;宮風夕梨;紬木沙羅;日比野綾花
20159,タンテイセブン,,54,6.7,4,海老一真珠;阿部摩り耶;露梨子かすみ;海老一辰砂
1336,ツンな彼女 デレな彼女,,44,6.69,4,橘美里;二ノ宮凪;紫藤凛彩;南月つぐみ
1353,ホシツグヨ,,8,6.6,4,高村ほのか;九龍明日羽;九龍美咲;日乃宮和奏
20424,Summer Pockets,Summer Pockets,4142,8.47,4,鳴瀬しろは;久島鴎;空門蒼;野村美希
20521,夏色ラムネ,夏色汽水,67,7.0,4,坂下弥生;小嶋美咲;山崎佳奈子;本庄優希
22045,かりぐらし恋愛,寄宿之恋,405,7.53,4,桜木橋理兎;荒波杏;新妻ひより;世計絢花
22014,約束の夏、まほろばの夢,,66,6.96,4,神宮りんか;東渚沙;一ノ瀬星里奈;風見陽鞠
19272,ユウワク スクランブル,,48,6.99,3,星見明日香;星見夕姫;星見美空
19223,シルヴァリオトリニティ,,104,8.18,3,レイン・ペルセフォネ;ミステル・バレンタイン;アヤ・キリガクレ
18907,見上げてごらん、夜空の星を FINE DAYS,,499,7.77,3,箒星ひかり;天ノ川沙夜;日下部ころな
33944,Final Dragon Chronicle: Guilty Requiem,,31,6.91,3,向坂環;柚原このみ;草壁優季
32132,アイキス３,,50,7.52,3,漆原莉子;三枝ヒナタ;三枝アヤメ
53486,廃村少女［弐］　～陰り誘う秘姫の匣～,,48,7.31,3,シンジュ;御汐陽渚;新沼鈴
53485,廃村少女 外伝 ～嬌絡夢現～,,54,7.04,3,エマ・A・薬師院;烏野つばめ;古戸由良々
49227,コイバナ恋愛 ミニファンディスク アフターフェスティバル,八卦恋爱 after festival,88,7.23,3,安達千依;夕暮常夜;遙叶梨
44098,俺の瞳で丸裸！不可知な未来と視透かす運命,我的眼睛看光光！不可知的未来与透视的命运,119,7.24,3,八重桜神愛;来栖光流;五影仄華
456,幼なじみと甘～くエッチに過ごす方法,,28,7.18,3,涼風あすか;御堂琴音;エミリー・ウィンスレット
33,Kanon,Kanon,3949,7.7,3,月宮あゆ;水瀬名雪;川澄舞
466,何処へ行くの、あの日,那一天、去往何方,55,7.1,3,神崎千尋;茂木一葉;麻生桐季
18,To Heart,,132,6.95,3,神岸あかり;長岡志保;宮内レミィ
20,ToHeart2,,1033,7.33,3,向坂環;柚原このみ;草壁優季
398,つよきす2学期,,94,6.63,3,蟹沢きぬ;鉄乙女;近衛素奈緒
397,つよきす,,258,7.54,3,蟹沢きぬ;鉄乙女;近衛素奈緒
16539,「真剣で私に恋しなさい！」ドラマCD,,33,7.21,3,川神百代;川神一子;椎名京
20684,お嬢様は素直になれない,,113,7.38,3,緋神久遠;壬生なつき;近衛六花
16069,夏の色のノスタルジア,追忆夏色年华,195,7.2,3,真鶴みさき;真乗寺文音;摩庭祥子
15869,ハルキス,,166,7.04,3,白石葵;瀬戸このみ;兵藤天音
15584,彼女と俺と、恋するリゾート ～彼女と俺と恋人と。＆恋する夏のラストリゾートWファンディスク～,,92,7.47,3,徳吉優子;幸崎羽海;狩生渚
15727,ハナヒメ＊アブソリュート！,花姬Absolute!,71,7.12,3,猫屋敷メア;愛内陽良子;熊埜御堂あやね
1483,きっと、澄みわたる朝色よりも、,从晴朗的朝色泛起之际开始,484,8.3,3,与神ひよ;夢乃蘭;樫春告
19444,スキとスキとでサンカク恋愛,青春×好奇相伴的三角恋爱,2373,6.98,3,小森江七瑠;小森江すず;鳴滝真帆
1506,ラムネ,波子汽水,89,7.25,3,近衛七海;仲里ひかり;佐倉裕美
22313,"さくら、もゆ。-as the Night's, Reincarnation-","樱花萌放-as the Night's, Reincarnation-",699,8.54,3,柊ハル;杏藤千和;夜月姫織
1464,絶対★妹至上主義！！,,40,6.59,3,友里円;友里湊;霧崎ゆかり
1445,Aster,,94,7.67,3,柚月沙希;柚月沙耶;小田巻雛
1398,夜明け前より瑠璃色な -Moonlight Cradle-,更胜黎明前的琉璃色 -Moonlight Cradle-,154,7.74,3,フィーナ・ファム・アーシュライト;鷹見沢菜月;ミア・クレメンティス
19345,炎の孕ませおっぱい★エロアプリ学園,,357,7.86,3,初音ヶ丘優衣;上坂彩音;如月響子
19953,カオスチャイルド らぶchu☆chu!!,,115,6.44,3,尾上世莉架;来栖乃々;南沢泉理
18791,僕と恋するポンコツアクマ。 すっごいえっち！,与我恋爱的废柴恶魔。 ～甜腻后日谈～,657,7.18,3,桐谷梨々愛;藤真咲莉;有瀬川アルル
2835,あまつみそらに！,,79,7.17,3,一ツ橋神奈;観崎美唯;帷千紗
6173,つよきす３学期,,102,7.47,3,蟹沢きぬ;鉄乙女;近衛素奈緒
4942,カミカゼ☆エクスプローラー！,,259,7.61,3,祐天寺美汐;速瀬まなみ;沖原琴羽
13108,ハピメア-Fragmentation Dream-,幸福噩梦 FD,275,7.79,3,蓮乃咲;内藤舞亜;鳥海有子
13840,えろどるっ☆,,33,6.02,3,佐倉ひめみ;星園かれん;雪宮あい
13892,恋愛まで選択肢ひとつ,,86,6.77,3,天塚鈴穂;西條霧緒;菱川花蓮
13901,催眠クラス　～女子全員、知らないうちに妊娠してました～,,257,7.35,3,九条さくら;青田夏;鷲ノ宮美琴
14018,CHAOS;CHILD,混沌之子,4498,8.35,3,尾上世莉架;来栖乃々;南沢泉理
12981,我が家のヒメガミさまっ！,,39,6.91,3,日野原恵;澤宮史織;阿刀椿姫
1143,真剣で私に恋しなさい！,认真和我谈恋爱！！,8827,8.35,3,川神百代;川神一子;椎名京
16560,見上げてごらん、夜空の星を,仰望夜空的星辰,1516,7.85,3,箒星ひかり;天ノ川沙夜;日下部ころな
3033,色に出でにけり わが恋は,,70,7.23,3,楓柚菜;春風朋音;鈴枝小町
3555,ココロの住処,,32,6.66,3,真崎璃奈;真崎茉梨;有定かえで
17515,僕と恋するポンコツアクマ。,与我恋爱的废柴小恶魔,1779,6.99,3,桐谷梨々愛;藤真咲莉;有瀬川アルル
18130,乙女理論とその後の周辺 -Belle Epoque-,少女理论及其之后的周边 -美好年代篇-,222,7.69,3,大蔵りそな;メリル・リンチ;ブリュエット・ニコレット・プランケット
12849,蒼の彼方のフォーリズム,苍之彼方的四重奏,5921,8.29,3,倉科明日香;有坂真白;市ノ瀬莉佳
22167,お嬢様は素直になれない ～大好きをキミだけに～,,43,7.43,3,緋神久遠;壬生なつき;近衛六花
1611,ふたりでひとつの恋心,,9,6.41,3,野々宮千尋;野々宮千早;野々宮千歳
1665,絶対可憐！お嬢様っ,,21,6.89,3,城之崎七星;白浜飛鳥;戸狩志摩
1740,恋色空模様,恋色空模样,261,7.62,3,服部彩;内海静奈;伊東美琴
1194,ヨスガノソラ,缘之空,2000,7.44,3,春日野穹;依媛奈緒;天女目瑛
1430,夏いろペンギン,,16,7.07,3,逢川千歌音;久葵芽衣;瑞宮茶織
10557,向日葵の教会と長い夏休み,向日葵的教会与长长的暑假,463,7.85,3,夏咲詠;鷺月ルカ;朧白・ヒポポ・金剛石
14777,子作りしようよ ソーマくん ～えっちな娘でもいいですか？～,,18,6.51,3,麻生美桜;五十嵐優菜;遊佐愛桂
12246,乙女理論とその周辺 -Ecole de Paris-,少女理论及其周边 -École de Paris-,503,8.1,3,大蔵りそな;メリル・リンチ;ブリュエット・ニコレット・プランケット
11712,ずっとすきして たくさんすきして,,93,7.13,3,甲斐中永遠;上条来夏;右高香春
11069,らぶおぶ恋愛皇帝 of LOVE！,,124,7.19,3,一之瀬ルキナ;鳳絵莉夏;楠木千歳
10957,ハピメア,幸福噩梦,1725,7.4,3,蓮乃咲;内藤舞亜;鳥海有子
15077,あの晴れわたる空より高く,,699,7.66,3,暁有佐;導木ほのか;伊吹那津奈
13628,はるかかなた,遥远的彼方,80,6.84,3,水城はるか;泉雫;白羽心音
2226,スズノネセブン！－Sweet Lovers’Concerto－,,37,7.11,3,鷹取柚子里;三峰美奈都;志麻莉里
14536,ハーレム天国だと思ったらヤンデレ地獄だった。,,34,7.17,3,有末陽佳;尊海神無;宮主佐優理
4263,胸キュン！はぁとde恋シ・テ・ル～お兄ちゃんもっと大好き～,,5,6.34,3,吉澤あずき;吉澤はるか;吉澤いづみ
10109,あの日見た花の名前を僕達はまだ知らない。,,16,7.33,3,本間芽衣子;安城鳴子;鶴見知利子
9879,辻堂さんの純愛ロード,,1946,7.69,3,辻堂愛;片瀬恋奈;腰越マキ
9124,初恋１／１,,1843,7.18,3,藤川瑠奈;鴇崎摩耶;森野雪乃
6611,神聖にして侵すべからず,,39,7.01,3,晴華瑠波;国友澪里;樫村操
8309,星空へ架かる橋AA,,153,7.23,3,日向伊吹;神本円佳;七森星羅
12559,Magical Marriage Lunatics!!,,1018,6.85,3,ルーチェ・ヤミ・アスタリテ;天樹カリン;白波瀬悠奈
6917,秋風ぱーそなる ＋俺と僕と彼女の○○＋,,11,6.1,3,塚本七海;志摩聖歌;高橋香織
10396,恋色マリアージュ,,168,7.35,3,秋吉ねここ;ルリアスティス・T・御厨;鷹宮久遠
15393,恋する彼女の不器用な舞台,恋爱中的她的笨拙舞台,217,7.29,3,十川真優;七瀬千奈;千代田百花
5084,夢見ヶ丘,,9,6.44,3,神楽ゆめ;松本美弥加;高桑杏
9588,エロゲーしようよっ！,,36,5.94,3,三乃瀬由々花;三乃瀬まわる;三乃瀬めぐり
5336,星刻のかなた,,5,5.85,3,鳴海若菜;夏生妙子;七瀬香鈴
5209,With Ribbon,,85,7.23,3,穂坂陽奈;槇喜屋澄香;槇喜屋華澄
4851,キサラギGOLD★STAR,如月金★星,184,7.29,3,遠藤沙弥;羽音々翼;藤丸命
4624,未亡人沙苗「私が初めてでいいの……?」,,114,7.35,3,大迫耀子;犬養由季;尾形忍
897,ナツメグ,,29,7.35,3,東雲由佳子;乾実梨;小早川円
420,そして明日の世界より―,明日的世界,161,7.45,3,日向夕陽;日向朝陽;樹青葉
566,よつのは,四叶草,208,6.5,3,猫宮のの;柚姫衣織;天地祭
611,Renaissance,,7,6.34,3,源優子;雨宮麗依那;海江田羽純
775,Coming×Humming!!,,34,6.76,3,思川優月;高遠鈴香;南殿綾音
28871,響野さん家はエロゲ屋さん！,响野家的工口游戏店,148,7.25,3,響野紡;響野ゆかり;響野結衣
28533,神獄塔 メアリスケルターFinale,,31,7.4,3,アリス;つう;人魚姫
30616,ToHeart,,97,7.54,3,神岸あかり;長岡志保;宮内レミィ
22995,Hではじまるシェアハウス,,83,6.82,3,小松崎彩;東郷楓音;加賀見冬華
185,同級生,同级生,109,7.37,3,桜木舞;黒川さとみ;堀真純
194,Orange Pocket -オレンジポケット-,,19,6.6,3,綾瀬ナズナ;藤木咲乃;小見川円
202,Really? Really!,,440,6.83,3,芙蓉楓;麻弓＝タイム;八重桜
232,夜明け前より瑠璃色な,更胜黎明前的琉璃色,592,7.5,3,フィーナ・ファム・アーシュライト;鷹見沢菜月;ミア・クレメンティス
24717,金色ラブリッチェ-Golden Time-,金辉恋曲四重奏 -Golden Time-,1672,8.09,3,シルヴィア・ル・クルスクラウン・ソルティレージュ・シスア;僧間理亜;城ヶ崎絢華
87,FORTUNE ARTERIAL,,820,7.46,3,千堂瑛里華;悠木かなで;悠木陽菜
99,水夏~SUIKA~,水夏,564,6.85,3,名無しの少女;水瀬伊月;白河さやか
88,ef - a fairy tale of the two.,悠久之翼,2697,8.06,2,新藤景;雨宮優子
89,_summer,,37,7.48,2,波多野小奈美;海老塚信乃
90,ToHeart2 AnotherDays,,124,7.05,2,向坂環;柚原このみ
93,マブラヴ,Muv-Luv,10524,7.04,2,御剣冥夜;鑑純夏
119,DIVI-DEAD,,924,6.58,2,結城梓;斎乃佐知子
174,Canvas2～茜色のパレット～,,1052,6.86,2,桔梗霧;藤浪朋子
252,あまなつ -あるまなつのはじめてのお話-,,17,7.05,2,風見涼夏;ソフィア・由花莉・三島
255,アメサラサ～雨と、不思議な君に、恋をする～,,28,6.63,2,千代川霖;久美浜光羽
24626,恋ニ、甘味ヲソエテ２,,257,6.82,2,庭坂莉良;汐ノ宮璃貝
24853,姉ちゃんのススメ～お姉ちゃんのイタズラ性生活～,姐姐的推荐～姐姐调皮的性生活～,352,7.75,2,夏野藍衣;神谷青葉
25838,姫と穢欲のサクリファイス,,354,7.17,2,フィアナ・クレヴィング;テレサ・エルミニア
25870,それゆけ！ベルカゲ学園,,0,,2,天羽花;アリス・ウィステリア
25884,同じクラスのアイドルさん。Around me is full by a celebrity.,,77,6.89,2,三嶋朱莉;悠木和心
26180,アイキス,,139,7.11,2,三枝アヤメ;三枝ヒナタ
27053,はぴねす！2 りらっくす,,31,6.76,2,桐ヶ谷璃乃;九重楓子
22746,姫と乙女のヤキモチＬＯＶＥ,,49,6.89,2,アリーゼ＝ヴィルエルド;天都沙良
22993,すくぅ～るメイト Sweets！,,6,6.03,2,柳瀬由芽;芹河命
23063,催眠ぱらだいす！ ～催眠術でツゴウノイイ美少女学園性活～,,66,6.75,2,五木蘭;六甲えりか
23281,ケモノ娘の育て方,兽娘的养成方法,786,6.86,2,桜庭いろは;加賀谷佳菜
23908,空に刻んだパラレログラム,,117,7.3,2,有佐里亜;紡木紅
24299,7年後で待ってる,我在七年之后等着你,62,7.09,2,AihanaAoi;FutaseKanna
24506,ココロネ=ペンデュラム！,,81,7.49,2,神代澄香;帯刀千早
22175,メルキス,,72,7.15,2,白嶋愛理;宮森ゆず
22303,見上げてごらん、夜空の星を Interstellar Focus,,193,7.73,2,箒星ひかり;天ノ川沙夜
30364,トラウマーメイド,,35,6.58,2,ヒナタ;ツバサ
31002,俺の恋天使がポンコツすぎてコワ～い。,我的恋天使太废柴了好可怕。,702,7.11,2,佐久真詩;乾依鈴
31359,ぶっかけ陰陽師絵巻 ～Hなお祓いいたします～,没落阴阳绘卷 - Tale of the fallen Onmyoji -,15,5.68,2,十葉月;妙鐘
28003,姫と乙女のヤキモチＬＯＶＥ-きらめき夏物語！-,,19,6.91,2,アリーゼ＝ヴィルエルド;天都沙良
28633,恋愛×ロワイアル,恋爱×决胜战,1231,6.93,2,小町乃々香;花丸まり
28640,きらきらスターズ ーidol project Nagisaー,爱的闪耀偶像企划 Nagisa,60,5.84,2,天音愛;雪城渚
28683,シンスメモリーズ 星天の下で,SINce Memories 星穹之下,53,6.78,2,伊勢陽詩;北條ちはや
28834,Honey*Honey*Honey!,,381,6.34,2,遠野つかさ;三峰みゆき
751,Rewrite,,7881,8.53,2,神戸小鳥;千里朱音
889,闘神都市II,,279,7.61,2,瑞原葉月;セレーナ・フレイズ
947,C.D.C.D.2 ～シーディーシーディー2～,,23,6.48,2,月島小恋;白河ななか
532,ぶらばん！,管乐恋曲！,148,6.82,2,中ノ島妙;御影須美
544,やるきばこ2 エピソードV：～やるきねこの逆襲～,,7,5.91,2,豊阿弥文子;天矢鮎乃
616,BIFRONTE～公界島奇譚～,,26,6.45,2,天谷桜;天谷若菜
628,はるかぜどりに、とまりぎを。,,38,7.03,2,桃谷春音;金田秋穂
701,夏空カナタ,夏空彼方,237,7.58,2,三好由比子;七条沙々羅
407,C.D. Christmas Days ～サーカスディスク クリスマスデイズ～,,19,6.44,2,白河ことり;名雲さえ
5256,Canvas4 アクロウムエチュード,,31,5.99,2,青桐ことの;立花珪
5286,your diary,,538,7.44,2,深菜川夕陽;広崎かなで
4124,ク・リトル・リトル  ～グレートハンティング～,,27,6.02,2,オーガスト;加藤兎子
4220,3LDK♥,,12,6.21,2,妹尾千寿;妹尾蓬
4400,すくーるヘブン　らぶえろハーレム☆ももいろタイフーン,,24,7.32,2,獅堂葵;南山檸檬
4921,てのひらを、たいようにAB,,7,6.2,2,佐倉穂;吉野美花
9641,瞳の烙淫2 ～絶対不可避の審媚眼～,,50,6.85,2,悠木さや;桜美園
9837,D.C.II ～ダ・カーポII～ 春風のアルティメットバトル!,,23,6.24,2,月島小恋;白河ななか
9996,波間の国のファウスト,,36,7.15,2,渚坂白亜;早乙女凪
8158,大図書館の羊飼い,大图书馆的牧羊人,2064,7.91,2,御園千莉;小太刀凪
8252,おねがいナイショにしてねSS,,99,6.16,2,理奈;藍原夕菜
8459,Memories Zero～蒼い光の約束～,,2,,2,綾瀬千佳子;多岐川乃亜
8462,僕は友達が少ない ぽーたぶる,,43,7.06,2,三日月夜空;柏崎星奈
8499,ゆきいろ　～空に六花の住む町～,,32,6.99,2,叶丸深雪;緑川翠子
7031,Promise Promenade～約束の並木道～,,4,,2,水瀬芹奈;渡会涼音
7068,SuGirly Wish,,87,7.17,2,姫百合愛;白咲ひな
7703,女ざかりは年下好み「本気のセックス教えてあ・げ・る」,,52,6.71,2,滝川香澄;天沼涼子
7766,いますぐお兄ちゃんに妹だっていいたい！,现在立刻就想对哥哥说我是妹妹,268,7.37,2,拝田希実花;奈々瀬奉莉
7958,リザイン,,35,6.88,2,橘麻里奈;月代さくら
8020,Rewrite Harvest festa!,,566,7.59,2,神戸小鳥;千里朱音
6590,アネイロ,,57,7.09,2,日比野薫子;樟木瑛菜
6747,未来ノスタルジア,未来乡愁,179,7.64,2,羽鳥詩;春日伊織
6780,パンドラのびっくり箱,,7,6.31,2,永源寺実紀;源陽詩美
7021,ラブライド・イヴ,,39,6.35,2,柚屋みゆ;梨月沙羅紗
7030,プリまじ アフターストーリーズ『迷える子羊といけにえの山羊』,,4,,2,御巫伊吹;和知百合
12480,大図書館の羊飼い -Dreaming Sheep-,大图书馆的牧羊人 Dreaming Sheep,332,7.73,2,御園千莉;小太刀凪
12481,つよきす NEXT,,141,7.71,2,対馬心秤;刃牙音子
12489,ぜったいマジラブ！ あまイチャはぷにんぐ！ ～姉妹×姉妹でドキエロ性活！きゅんメロパワーを収集せよ！～,,27,6.58,2,日向結菜;日向奈々
12595,黄雷のガクトゥーン：シャイニングナイト,,48,7.86,2,ジョセフィン・マーチ;エミリー・デュ・シャトレ
12600,大図書館の羊飼い ～放課後しっぽデイズ～,大图书馆的牧羊人 ～放学后的最后时光～,305,6.63,2,土岐のぞみ;藤宮朔夜
11071,美少女万華鏡 -忘れな草と永遠の少女-,美少女万华镜 -勿忘草与永远的少女-,689,7.21,2,沢渡雫;花里めぐみ
11204,ギャングスタ・リパブリカ,,68,6.77,2,水柿こおり;古雅ゆとり
11269,アマガミ ちょっとおまけ劇場,,30,7.25,2,桜井梨穂子;棚町薫
11493,すくぅ～るメイト,同校生,99,6.61,2,柳瀬由芽;芹河命
11569,運命予報をお知らせします,,67,7.09,2,篝火夏帆;橋姫観月
12172,星ノ音サンクチュアリ,,130,6.99,2,神領寺姫翠;葛城璃杏
10583,第二音楽室へようこそっ!!,,22,6.84,2,如月歌南;大河内紗耶香
10641,キスベル,,149,7.12,2,梶矢彩乃;月見若菜
11033,黄雷のガクトゥーン～What a shining braves～,,797,7.44,2,ジョセフィン・マーチ;エミリー・デュ・シャトレ
11068,テラべっぴん,,71,7.15,2,神楽京香;松平雪
10341,LOVELY QUEST,,146,7.13,2,桜庭水穂;瑚乃瀬羽美
10377,たんぽぽ～Everything Nice～,,5,6.75,2,琴宮くるみ;神楽坂のえる
10448,ＪＯＫＥＲ -死線の果ての道化師-,,70,6.14,2,神楽坂憩;小春日ひなげし
10464,優しい魔法の唱え方,,18,6.62,2,日次舞白;綾峯依吹
10576,恋しよっ？,,58,7.38,2,矢野綾;渡良瀬優美
14888,ヤキモチストリーム,醋意乱流,200,7.11,2,霧島沙那;伊吹恋羽
15078,らぶぽて学園 ～あなたの子種で孕みたい～,,53,6.46,2,栗山蓮華;栗山香里
15284,恋春アドレセンス,恋春Adolescence,72,7.23,2,浅羽千冬;結崎叶衣
14264,ゴールデンマリッジ,,223,7.34,2,一条寺透子;マリーカ・フォン・ヴィッテルスバッハ
14265,星織ユメミライ,星织梦未来,2603,8.06,2,逢坂そら;篠崎真里花
14266,ギャングスタ・アルカディア ～ヒッパルコスの天使～,,29,6.92,2,水柿こおり;古雅ゆとり
14269,Love Sweets,,407,6.65,2,一ノ瀬結衣;双見伊織
14325,剣聖機 アルファライド,,55,6.89,2,ティティス;クレセント
14676,サラサ☆ラディカル,,5,6.63,2,双葉美帆;飛鳥川桂
14761,ハーヴェストオーバーレイ,,128,7.69,2,三神リリア;奥野澄
13575,Dear My しすたあ,,1,,2,白樺遥;橋爪裕実
2671,airy[F]airy ~Easter of Sant' Ariccia~,,40,6.99,2,コレット・マレ;サラ・デュラン
2701,尾上さん家の悦楽生活,,16,6.59,2,尾上沙希;尾上璃沙
2747,FESTA!! -HYPER GIRLS POP-,,17,6.68,2,黒田七海;早坂恋水
2792,かげろう,,4,,2,水野早苗;風吹優
2833,お願いお星さま,,12,6.74,2,橘ひびき;倉橋真朋
2042,Alive,,9,6.38,2,高坂久遠;沢木祐里子
2342,あしたの雪之丞,,55,7.11,2,春日せりな;久保晶子
2356,フェイク,,7,5.91,2,如月那由;如月由真
2367,W.L.O. 世界恋愛機構 L.L.S. -LOVE LOVE SHOW-,,41,7.15,2,久坂愛奈;早川優梨子
2375,電激ストライカー,,1515,7.32,2,本郷はるな;ストライカー空
2517,クライミライ3,,22,6.1,2,閑谷紫苑;柵原棗
6113,初音のないしょ!!,,9,6.45,2,神岸あかり;長岡志保
6359,子作り妖怪H変化～乙女を犯す憑依合体～,,541,5.9,2,安倍飛鳥;葛木藍里
6427,SHUFFLE! Love Rainbow,,70,6.58,2,リシアンサス;芙蓉楓
6438,D.C.III ～ダ・カーポIII～,,1081,7.49,2,葛木姫乃;リッカ・グリーンウッド
6477,Once more Again,,3,,2,悠木柚;水沢奈未
5409,D.C.Dream X’mas～ダ・カーポ～ドリームクリスマス,,55,7.11,2,白河ことり;白河ななか
5538,となりのお姉さん,,9,6.89,2,佐伯今日子;佐伯明日香
5629,Bye,,4,,2,椎名瑞穂;新庄瑠璃
5716,Milkyway,,8,6.22,2,結城倫;鷹梨千尋
5871,すきま桜とうその都会,隙间樱花与谎言都市,149,7.26,2,春日井咲良;橘花珠
5961,海道,,15,6.97,2,木之下純;相澤しのぶ
6080,魔女っこ de’GO♪GO♪～ポールとミラ☆クル大作戦～,,6,6.81,2,春風くるみ;湊みらい
4985,Cafe Sourire,,66,7.22,2,水島芹花;荻原杏子
13630,サキガケ⇒ジェネレーション！,,155,7.58,2,敷島なつめ;海棠璃々子
13865,IS＜インフィニット・ストラトス＞2 イグニッション・ハーツ,,14,7.08,2,凰鈴音;篠ノ之箒
12724,月下之煌,,6,6.84,2,暁;ユエ
12992,あまたらすリドルスター,,471,6.56,2,有栖結愛;雪白みう
17823,ワガママハイスペック,娇蛮任性HIGHSPEC,2683,7.24,2,鳴海兎亜;宮瀬未尋
17872,罪ノ光ランデヴー,罪之光Rendezvous,141,7.3,2,真澄あい;水園円来
18170,QUINTUPLE☆SPLASH,,60,7.01,2,三郷みお;美野里巴
18354,発情インフレーション 〜気になるあの子の淫れスイッチ〜,,53,6.37,2,綾崎七花;美綴伊織
16658,箱庭の学園,箱庭的学园,370,5.83,2,古都莉緒;佐倉綾奈
16700,Closed GAME,,476,6.46,2,セリシア・ロックハート;セリーヌ・ヴァルシーナ
16921,IS＜インフィニット・ストラトス＞2 ラブ アンド パージ,,7,7.02,2,凰鈴音;篠ノ之箒
17568,闘神都市 ＧＩＲＬＳ ＧＩＦＴ ＲＰＧ,,22,6.64,2,瑞原葉月;セレーナ・フレイズ
17651,キミのとなりで恋してる！ 〜 The Respective Happiness 〜,慕情之心今随君作伴 ~The Respective Happiness~,108,7.7,2,星野なぎさ;小松莉奈
17743,D.C.III With You ～ダ・カーポIII～ ウィズユー,,66,7.65,2,葛木姫乃;リッカ・グリーンウッド
17790,嫁探しが捗りすぎてヤバい。,,249,7.63,2,八神瀬里香;八神甘夏
16103,鯨神のティアスティラ,鲸神的Tearstilla,126,7.43,2,成海真莉音;上遠野恵那
1203,パンドラの夢,,52,7.35,2,永源寺実紀;源陽詩美
1281,アマガミ,圣诞之吻,605,8.04,2,桜井梨穂子;棚町薫
1284,メモリーズオフ～ピュア～,,46,6.76,2,桧月彩花;今坂唯笑
1335,スズノネセブン！,,63,7.17,2,鷹取柚子里;三峰美奈都
1340,モノごころ、モノむすめ。,,51,6.99,2,向塚茉莉音;葉月メノウ
1047,片恋いの月えくすとら,,21,7.04,2,初瀬香津美;榊渚
1052,コンチェルトノート,,96,7.67,2,神凪莉都;夕月小夜璃
1075,片恋いの月,,24,7.05,2,初瀬香津美;榊渚
1113,てのひらを、たいように,,18,7.31,2,佐倉穂;吉野美花
1151,Myself;Yourself,,38,6.81,2,八代菜々香;星野あさみ
1152,メモリーズオフ,秋之回忆,178,7.3,2,桧月彩花;今坂唯笑
1181,W.L.O. 世界恋愛機構,,99,7.51,2,久坂愛奈;早川優梨子
3859,さくらビットマップ,,61,7.54,2,水原小春;桧山璃子
3924,Reunion～3日間だけのプチ同棲～,,30,6.73,2,椎野契;岼乃由姫
3938,黄昏のシンセミア,黄昏的禁忌之药,390,7.96,2,皆神さくや;春日いろは
3940,Green Strawberry,,9,6.6,2,諏訪美風;藤村桜子
3999,プリズム☆ ま～じカル PRISM Generations！,,16,6.96,2,御巫伊吹;和知百合
4028,恋と選挙とチョコレート,恋爱与选举与巧克力,2959,7.33,2,住吉千里;東雲皐月
2934,フェイクアズール・アーコロジー,,35,7.24,2,織倉莉音;天御輝
2939,ク・リトル・リトル ～魔女の使役る、蟲神の触手～,,59,6.69,2,オーガスト;加藤兎子
2959,星空のメモリア Eternal Heart,星空的记忆 Eternal Heart,750,7.6,2,南星明日歩;乙津夢
2968,星空へ架かる橋,,360,7.01,2,日向伊吹;神本円佳
2525,Grope ～闇の中の小鳥たち～,,24,6.68,2,桃瀬吹雪;阿久津魔亜子
2622,幼なじみは大統領 My girlfriend is the PRESIDENT.,幼驯染成了大总统,3505,7.03,2,桜濱雪乃;三芳蘭
16320,ヤンデレラ,病娇灰姑娘,531,5.8,2,ほのか;ひなた
16397,ミライカノジョ,,90,7.01,2,垣屋小雪;瀬名乃々華
16407,Golden Marriage -Jewel Days-,,88,7.66,2,一条寺透子;マリーカ・フォン・ヴィッテルスバッハ
15438,1/7の魔法使い,,48,6.68,2,東雲優希;神埼えま
15492,デーモンバスターズ ～えっちなえっちなデーモン退治～,,108,7.14,2,陽名田愛;黒峰とも子
15499,ニセコイ ヨメイリ!?,,31,7.15,2,小野寺小咲;橘万里花
15870,キミのとなりで恋してる！,慕情之心今随君作伴,228,7.16,2,星野なぎさ;小松莉奈
20663,年下限定ヌキ×2シェアハウス～搾られ共同性活～,,59,6.7,2,高城葵;橘冬音
21073,ヤミと祝祭のサンクチュアリ,,65,7.14,2,姫神亜梨栖;綺堂悠里
21279,まおてん,,115,7.43,2,春名梨多;地遊尼ゆうり
21343,君が望む真愛,,71,7.26,2,御剣冥夜;鑑純夏
21414,純情化憐フリークス！,,92,7.18,2,庚静海;柳川幽香
20261,ナツイロココロログ～Happy Summer～,,52,7.55,2,常磐久遠;七国小都音
20471,水葬銀貨のイストリア,,310,7.72,2,煤ヶ谷小夜;茅ヶ崎夕桜
20491,桜ひとひら恋もよう,樱花片落恋模样,269,7.09,2,上川紗矢;高澤美綾
20524,ワガママハイスペック OC,,327,7.78,2,鳴海兎亜;宮瀬未尋
20527,Tropical Liquor,,444,5.19,2,ナオミ;エリカ
19372,はるるみなもに!,,161,7.6,2,山神水緒里;松房英麻
22308,君と目覚める幾つかの方法,,61,7.27,2,八雲舞花;京橋みこと
22312,Pure Marriage  ～赤い糸物語 ハーレム編～,,40,6.78,2,星ヶ丘まどか;広原・Ｄ・セリカ
22583,二人と始める打算的なラブコメ,图谋不轨的恋爱,99,7.24,2,帝堂白雪;佐倉希乃
22610,白恋サクラ＊グラム,白恋Sakura ＊ Gram,62,7.36,2,久遠寺一葉;神咲エリサ
22726,家の恋人,,247,7.29,2,チカ;ユリ
21465,絆きらめく恋いろは,牵绊闪耀的恋之伊吕波,485,7.47,2,上和泉桜夜;朱雀院椿
21852,金色ラブリッチェ,金辉恋曲四重奏,3419,8.17,2,シルヴィア・ル・クルスクラウン・ソルティレージュ・シスア;僧間理亜
21894,リアルエロゲシチュエーション！Ｈ×３,,111,7.36,2,里神ゆり;鳥居卯衣
21903,恋ニ、甘味ヲソエテ,尚有佳蜜伴恋心,788,6.64,2,庭坂莉良;汐ノ宮璃貝
22013,はぴねす！2 Sakura Celebration,Happiness! 2 樱花盛典,160,7.27,2,桐ヶ谷璃乃;九重楓子
1752,愛姉妹～どっちにするの!!～,,18,6.88,2,本多静流;本多優奈
1917,孕ら☆みん!! ～催眠中だし子づくり宣言～,,118,6.67,2,小泉とうあ;雛凪つむじ
1966,メモリーズオフ -フェスタ-,,10,6.72,2,桧月彩花;今坂唯笑
1388,LEAVEs.,,317,6.09,2,曳山未梨;市村冬樺
1461,晴れハレはーれむ,,31,6.57,2,秋山琴子;南沢優子
1474,星空のメモリア-Wish upon a shooting star-,星空的记忆 -Wish upon a shooting star,5561,7.79,2,南星明日歩;乙津夢
1195,姫狩りダンジョンマイスター,,371,7.64,2,コレット;ブリジット
19446,ご主人様、メイド服を脱がさないで。,,71,7.04,2,財前千夏;成瀬心姫
19495,小悪魔発育チュ～！,,68,7.15,2,深山りな;天瀬輝
19644,トリノライン,特里诺兰,621,6.55,2,宮風夕梨;紬木沙羅
19713,夏彩恋唄,夏彩恋歌,122,7.09,2,小鳥遊光;諏訪紫苑
18670,ナツイロココロログ,,128,7.43,2,常磐久遠;七国小都音
18931,純白天使ホーリィホワイティ ～負けて、辱められても…私は諦めない～,,1,,2,佐伯七海;朝倉こずえ
19133,春音アリス＊グラム,春音Alice＊Gram,168,7.35,2,久遠寺一葉;神咲エリサ
44195,コイバナ恋愛,八卦恋爱,199,7.61,2,安達千依;夕暮常夜
45479,恋とHしかしていない！,,32,6.75,2,幸崎リリカ;倉之園祝
50416,ジュエリー・ナイツ・アルカディア -The ends of the world-,月映宝石乡 -星沈碧落万物喑-,93,7.91,2,ミリア・メーレンドルフ;ルビイ
52377,春夏の季節,,0,,2,苑田春夏;咲坂あや乃
256,あねいも2～Second Stage～,,60,7.42,2,霧島深月;霧島皐月
34136,同級生,同级生,828,7.11,2,黒川さとみ;桜木舞
37851,清楚系双子アイドルの裏事情　～俺だけが知る淫らな二人～,,46,7.13,2,神雛美月;神雛美星
38052,けれど輝く夜空のような,,0,,2,水無月瑛;川原瑞音
42263,病みつきヤンデレハーレム！,,55,6.66,2,葛美愛;白咲純恋
28985,アイキス2,,87,7.36,2,三枝アヤメ;三枝ヒナタ
30168,天翼のアスクレイン,,29,6.82,2,照景院紗耶香;片瀬川貴理梨
421,Sugar+Spice!,,36,7.07,2,深山藍衣;深山彩弥
422,Sugar+Spice! Party☆Party,,15,7.16,2,深山藍衣;深山彩弥
84,車輪の国、悠久の少年少女,"车轮之国, 悠久之少年少女",2017,7.55,2,日向夏咲;三ツ廣さち
461,まいにち好きして,,3,,2,安藤暖花;安藤雪音
57,車輪の国、向日葵の少女,车轮之国，向日葵的少女,6637,8.15,2,日向夏咲;三ツ廣さち
472,冷徹冷静しかして×××！！,,12,5.79,2,城前叢;武宮妃奈
257,あねいも2 H's,,29,7.27,2,霧島深月;霧島皐月
266,D.C.II ～ダ・カーポII～,,1872,7.6,2,月島小恋;白河ななか
23,いつか、届く、あの空に。,终有一日愿遂彼空,211,7.62,2,唯井ふたみ;桜守姫此芽
313,Aries -アリエス-,,8,6.1,2,佐倉いなほ;山岡あきら
384,D.C.II Spring Celebration ～ダ・カーポII～ スプリング セレブレイション,,77,7.37,2,月島小恋;白河ななか
5,リトルバスターズ！,Little Busters!,8588,8.63,2,棗鈴;朱鷺戸沙耶
56342,記憶の鍵盤,记忆的琴键,29,6.74,2,天音沙里;橘絵莉
404,マブラヴ サプリメント,,437,6.6,2,御剣冥夜;鑑純夏
